{
	"format_version": "1.8.0",
	"animations": {
		"caída.new2": {
			"loop": "hold_on_last_frame",
			"animation_length": 2,
			"bones": {
				"armorHead": {
					"rotation": {
						"0.0": [77.5, 0, 0],
						"0.1667": [74.95376, 4.88119, -1.08482],
						"0.375": [74.09743, 4.20009, -3.49785],
						"0.5": [79.52141, 5.53739, 2.88236],
						"0.6667": [82.41, 4.88119, -1.08482],
						"0.7917": [76.68301, 3.49401, -11.01497],
						"0.9167": [77.23849, 5.18847, -3.68756],
						"1.0417": [87.26177, 2.7113, -3.34966],
						"1.1667": [82.036, 2.46243, -8.34857],
						"1.2917": [82.42213, 3.47796, -0.90753],
						"1.4167": [84.92213, 3.47796, -0.90753],
						"1.5417": [85.07827, 3.69588, 1.58784],
						"1.625": [84.77567, 3.25347, -3.40174],
						"1.75": [84.92213, 3.47796, -0.90753],
						"1.9583": [77.5, 0, 0]
					}
				},
				"armorRightArm": {
					"rotation": {
						"0.0417": [8.81397, 11.91276, 17.89807],
						"0.125": [11.81958, 11.41141, 20.39893],
						"0.2917": [18.97907, 8.60986, 32.77135],
						"0.5": [-46.92178, 69.01985, 95.7547],
						"0.75": [34.2489, 75.20408, 161.92074],
						"2.0": [8.81397, 11.91276, 17.89807]
					}
				},
				"armorLeftArm": {
					"rotation": {
						"0.0417": [10, 0, -15],
						"0.125": [9.96271, 0.86717, -19.92442],
						"0.2917": [19.54589, 2.99318, -32.25002],
						"0.5": [-10.47241, -75.19731, -116.33058],
						"0.75": [-10.47241, -75.19731, -116.33058],
						"2.0": [10, 0, -15]
					}
				},
				"armorRightLeg": {
					"rotation": {
						"0.0417": [12.45392, -1.08089, 4.88206],
						"0.125": [14.89638, -1.61888, 7.32417],
						"0.2917": [19.81805, 2.57402, 11.02021],
						"0.9167": [23.51594, 0.583, 15.60867],
						"1.1667": [24.81805, 2.57402, 11.02021],
						"2.0": [12.45392, -1.08089, 4.88206]
					}
				},
				"armorLeftLeg": {
					"rotation": {
						"0.0417": [12.5, 0, -7.5],
						"0.125": [12.48848, 0.54094, -9.94081],
						"0.2917": [22.44739, 1.49648, -12.25138],
						"0.9167": [17.47674, 0.81395, -10.60098],
						"1.1667": [22.48848, 0.54094, -9.94081],
						"2.0": [12.5, 0, -7.5]
					}
				},
				"armorHead2": {
					"rotation": {
						"0.0417": [-20, 0, 0],
						"0.2917": [-30, 0, 0],
						"0.9167": [-47.5, 0, 0],
						"2.0": [-20, 0, 0]
					}
				}
			}
		}
	}
}