{
	"format_version": "1.8.0",
	"animations": {
		"flying_flaps": {
			"loop": true,
			"animation_length": 2,
			"bones": {
				"leftupflap": {
					"rotation": {
						"0.0": {
							"vector": [0, 0, 0]
						},
						"0.4583": {
							"vector": [22.71362, 6.49053, 3.76613]
						},
						"0.9583": {
							"vector": [25, 0, 0]
						},
						"1.4167": {
							"vector": [25.0195, 3.32212, -1.20881]
						},
						"1.9583": {
							"vector": [0, 0, 0]
						}
					}
				},
				"rightupflap": {
					"rotation": {
						"0.0": {
							"vector": [0, 0, 0]
						},
						"0.4583": {
							"vector": [25.21362, -6.49053, -3.76613]
						},
						"0.9583": {
							"vector": [22.52363, -2.16489, -1.2506]
						},
						"1.4167": {
							"vector": [22.27165, -4.07109, 3.37886]
						},
						"1.9583": {
							"vector": [0, 0, 0]
						}
					}
				},
				"lowrightflap": {
					"rotation": {
						"0.0": {
							"vector": [0, 0, 0]
						},
						"0.4583": {
							"vector": [22.5, -22.5, 0]
						},
						"0.9583": {
							"vector": [28.07846, -24.92856, 4.77446]
						},
						"1.4167": {
							"vector": [29.07134, -23.7326, 2.36499]
						},
						"1.9583": {
							"vector": [0, 0, 0]
						}
					}
				},
				"lowleftflap": {
					"rotation": {
						"0.0": {
							"vector": [0, 0, 0]
						},
						"0.4583": {
							"vector": [27.5, 15, 0]
						},
						"0.9583": {
							"vector": [33.78386, 17.82563, -4.30088]
						},
						"1.4167": {
							"vector": [36.28386, 17.82563, -4.30088]
						},
						"1.9583": {
							"vector": [0, 0, 0]
						}
					}
				}
			}
		},
		"flaps_FINAL.new": {
			"loop": true,
			"animation_length": 2.625,
			"bones": {
				"leftupflap": {
					"rotation": {
						"0.0": [0, 0, 0],
						"0.4583": [12.5, 0, 0],
						"0.8333": [12.6959, 10.30159, -0.25356],
						"1.125": [24.3632, 2.6096, -6.99477],
						"1.25": [22.24959, 3.39871, -9.37984],
						"2.5833": [0, 0, 0]
					}
				},
				"rightupflap": {
					"rotation": {
						"0.0": [0, 0, 0],
						"0.4583": [7.5, 0, 0],
						"0.8333": [12.68173, -10.84247, 2.69692],
						"1.25": [26.7721, -1.08089, 4.88206],
						"1.5833": [15.29705, -3.07882, 12.11619],
						"1.75": [9.82395, -1.94011, 9.80944],
						"2.5833": [0, 0, 0]
					}
				},
				"lowrightflap": {
					"rotation": {
						"0.0": [0, 0, 0],
						"0.4583": [20, 0, 0],
						"0.8333": [19.71975, -3.40487, 9.40804],
						"1.25": [26.08597, -7.52076, 21.26765],
						"1.75": [27.81813, -20.90874, 14.26991],
						"2.5833": [0, 0, 0]
					}
				},
				"lowleftflap": {
					"rotation": {
						"0.0": [0, 0, 0],
						"0.4583": [15, 0, 0],
						"0.8333": [14.87739, 1.93597, -7.24721],
						"1.25": [14.51082, 3.84097, -14.51082],
						"1.75": [36.58118, 12.33481, -17.55549],
						"2.5833": [0, 0, 0]
					}
				}
			}
		},
		"turn_off": {
			"loop": "hold_on_last_frame",
			"animation_length": 0.0833,
			"bones": {
				"flaps": {
					"position": {
						"vector": [0, 0, 0]
					}
				}
			}
		}
	},
	"geckolib_format_version": 2
}