{
	"format_version": "1.8.0",
	"animations": {
		"flying flaps": {
			"loop": true,
			"animation_length": 2,
			"bones": {
				"leftupflap": {
					"rotation": {
						"0.0": {
							"vector": [0, 0, 0]
						},
						"0.4583": {
							"vector": [22.71362, 6.49053, 3.76613]
						},
						"0.9583": {
							"vector": [25, 0, 0]
						},
						"1.4167": {
							"vector": [25.0195, 3.32212, -1.20881]
						},
						"1.9583": {
							"vector": [0, 0, 0]
						}
					}
				},
				"rightupflap": {
					"rotation": {
						"0.0": {
							"vector": [0, 0, 0]
						},
						"0.4583": {
							"vector": [25.21362, -6.49053, -3.76613]
						},
						"0.9583": {
							"vector": [22.52363, -2.16489, -1.2506]
						},
						"1.4167": {
							"vector": [22.27165, -4.07109, 3.37886]
						},
						"1.9583": {
							"vector": [0, 0, 0]
						}
					}
				},
				"lowrightflap": {
					"rotation": {
						"0.0": {
							"vector": [0, 0, 0]
						},
						"0.4583": {
							"vector": [22.5, -22.5, 0]
						},
						"0.9583": {
							"vector": [28.07846, -24.92856, 4.77446]
						},
						"1.4167": {
							"vector": [29.07134, -23.7326, 2.36499]
						},
						"1.9583": {
							"vector": [0, 0, 0]
						}
					}
				},
				"lowleftflap": {
					"rotation": {
						"0.0": {
							"vector": [0, 0, 0]
						},
						"0.4583": {
							"vector": [27.5, 15, 0]
						},
						"0.9583": {
							"vector": [33.78386, 17.82563, -4.30088]
						},
						"1.4167": {
							"vector": [36.28386, 17.82563, -4.30088]
						},
						"1.9583": {
							"vector": [0, 0, 0]
						}
					}
				}
			}
		}
	},
	"geckolib_format_version": 2
}