{
	"format_version": "1.8.0",
	"animations": {
		"quantum suit activationfinal": {
			"animation_length": 1.5,
			"bones": {
				"BrazoDerecho": {
					"rotation": {
						"0.0": [0, 0, 0],
						"0.4167": [-90.78287, -60.58807, 58.42198],
						"0.6667": [-93.90019, -65.57834, 59.11365],
						"0.9583": [-90.78287, -60.58807, 58.42198],
						"1.25": [-27.06358, -15.16228, 21.40653],
						"1.4167": [-1.77992, -0.14813, 9.58332],
						"1.5": [0, 0, 0]
					}
				},
				"BrazoIzquierdo": {
					"rotation": {
						"0.0": [0, 0, 0],
						"0.5": [-90.51662, 43.19863, -15.13077],
						"0.6667": [-85.47913, 43.00809, -8.28566],
						"0.75": [-93.00413, 43.13512, -12.84907],
						"0.7917": [-85.51662, 43.19863, -15.13077],
						"0.8333": [-95.51662, 43.19863, -15.13077],
						"0.875": [-85.51662, 43.19863, -15.13077],
						"0.9583": [-85.51662, 43.19863, -15.13077],
						"1.125": [-63.39907, 8.43523, -10.49242],
						"1.25": [-62.43657, 3.87321, -1.53953],
						"1.5": [0, 0, 0]
					}
				}
			}
		}
	}
}