{
	"format_version": "1.8.0",
	"animations": {
		"unibeam charge": {
			"loop": "hold_on_last_frame",
			"animation_length": 1.6667,
			"bones": {
				"Cuerpo": {
					"rotation": {
						"0.0": [0, 0, 0],
						"0.5": [25, 0, 0],
						"0.5833": [30, 0, 0],
						"0.875": [40, 0, 0],
						"1.4167": [25, 0, 0],
						"1.625": [7.5, 0, 0]
					},
					"position": {
						"0.0": [0, 0, 0],
						"0.5": [0, -1, -5],
						"0.875": [0, -3, -7],
						"1.4167": [0, -2, -8],
						"1.625": [0, 0, -8]
					}
				},
				"Pecho": {
					"rotation": {
						"0.0": [0, 0, 0],
						"1.4167": [-7.5, 0, 0]
					},
					"position": {
						"0.0": [0, 0, 0],
						"1.4167": [0, 0, 2],
						"1.625": [0, 0, 2]
					}
				},
				"BrazoDerecho": {
					"rotation": {
						"0.0": [0, 0, 0],
						"0.5": [35.19942, 18.06428, 19.98229],
						"1.4167": [-111.82231, 2.63472, 7.65581],
						"1.625": [-96.82231, 2.63472, 7.65581],
						"1.6667": [-96.56829, 3.21804, 12.62818]
					},
					"position": {
						"0.0": [0, 0, 0],
						"1.4167": [0, 0, 2]
					}
				},
				"BrazoIzquierdo": {
					"rotation": {
						"0.0": [0, 0, 0],
						"0.5": [36.8562, -22.48733, -24.75715],
						"1.4167": [-111.04546, 1.44392, -8.61155],
						"1.625": [-96.04546, 1.44392, -8.61155],
						"1.6667": [-96.14778, 0.91255, -13.58431]
					},
					"position": {
						"0.0": [0, 0, 0],
						"1.4167": [0, 0, 2]
					}
				},
				"PiernaDerecha": {
					"rotation": {
						"0.0": [0, 0, 0],
						"0.5": [-25, 0, 0],
						"1.4167": [-37.5, 0, 0],
						"1.625": [-7.5, 0, 0]
					}
				},
				"PiernaIzquierda": {
					"rotation": {
						"0.0": [0, 0, 0],
						"0.5": [-32.5, 0, 0],
						"0.875": [-47.5, 0, 0],
						"1.4167": [0, 0, 0],
						"1.625": [-10, 0, 0]
					},
					"position": {
						"0.0": [0, 0, 0],
						"1.6667": [0, 0, 0]
					}
				},
				"Cabeza": {
					"rotation": {
						"0.0": [0, 0, 0],
						"0.5": [-17.5, 0, 0],
						"1.625": [-7.5, 0, 0]
					},
					"position": {
						"0.0": [0, 0, 0],
						"1.4167": [0, 0, 2]
					}
				}
			}
		}
	}
}