{
	"format_version": "1.8.0",
	"animations": {
		"call_armor": {
			"loop": "hold_on_last_frame",
			"animation_length": 2.2759,
			"bones": {
				"Armor": {
					"rotation": {
						"0.0": [130, 0, 0],
						"0.0417": [130, 0, 0],
						"0.125": [130, 0, 0],
						"0.1667": [130, 0, 0],
						"0.25": [130, 0, 0],
						"0.2917": [130, 0, 0],
						"0.3333": [130, 0, 0],
						"0.4167": [130, 0, 0],
						"0.4583": [130, 0, 0],
						"0.5417": [130, 0, 0],
						"0.5833": [130, 0, 0],
						"0.625": [130, 0, 0],
						"1.0417": [0, 0, 0],
						"1.125": [0, 0, 0],
						"1.1667": [0, 0, 0],
						"1.2083": [0, 0, 0],
						"1.2917": [0, 0, 0],
						"1.3333": [0, 0, 0],
						"1.4167": [0, 0, 0],
						"1.4583": [0, 0, 0],
						"1.7917": [0, 0, 0],
						"2.2083": [0, 0, 0]
					},
					"position": {
						"0.0": [0, 261, 331],
						"1.0417": [0, 63, 24],
						"1.125": [0, 63, 24],
						"1.1667": [0, 63, 24],
						"1.2083": [0, 63, 24],
						"1.2917": [0, 63, 24],
						"1.3333": [0, 63, 24],
						"1.4167": [0, 63, 24],
						"1.4583": [0, 63, 24],
						"2.2083": [0, 0, 0]
					}
				},
				"right": {
					"rotation": {
						"0.0": [0, 0, 0],
						"1.0417": [-57.5, 0, 9.47368],
						"1.5": [0, 0, 10],
						"1.5833": [0, 0, 10],
						"1.625": [0, 0, 10],
						"1.7083": [0, 0, 10],
						"1.75": [0, 0, 10],
						"1.875": [0, 0, 0]
					}
				},
				"left": {
					"rotation": {
						"0.0": [0, 0, 0],
						"1.0417": [-57.5, 0, -9.47368],
						"1.5": [0, 0, -10],
						"1.5833": [0, 0, -10],
						"1.625": [0, 0, -10],
						"1.7083": [0, 0, -10],
						"1.75": [0, 0, -10],
						"1.875": [0, 0, 0]
					}
				},
				"right_2": {
					"rotation": {
						"0.0": [0, 0, 0],
						"1.0417": [-30, 0, 0],
						"1.5": [0, 0, 0]
					}
				},
				"left_2": {
					"rotation": {
						"0.0": [0, 0, 0],
						"1.0417": [-30, 0, 0],
						"1.5": [0, 0, 0]
					}
				}
			}
		},
		"decall_armor": {
			"loop": "hold_on_last_frame",
			"animation_length": 2.2759,
			"bones": {
				"Armor": {
					"rotation": [0, 0, 0],
					"position": {
						"0.0": [0, 0, 0],
						"0.5833": [0, 19, 13],
						"1.25": [0, 19, 13],
						"1.6667": [0, 19, 13],
						"2.125": [0, 261, 0]
					}
				},
				"right": {
					"rotation": {
						"0.0": [0, 0, 0],
						"0.5833": [-22.5, 0, 0],
						"1.0417": [0, 0, 10]
					}
				},
				"left": {
					"rotation": {
						"0.0": [0, 0, 0],
						"0.5833": [-22.5, 0, 0],
						"1.0417": [0, 0, -10]
					}
				},
				"right_2": {
					"rotation": [0, 0, 0]
				},
				"left_2": {
					"rotation": [0, 0, 0]
				}
			}
		}
	}
}