{
	"format_version": "1.8.0",
	"animations": {
		"uppermisiledeploy": {
			"loop": "hold_on_last_frame",
			"animation_length": 1.4167,
			"bones": {
				"lanzamisilesR2": {
					"rotation": {
						"0.0": [0, 0, 0],
						"0.5": [0, 0, -7.5],
						"0.6667": [0, -57.5, -7.5],
						"0.75": [0, -87.5, -7.5],
						"0.8333": [7.5, -87.5, -7.5],
						"0.9167": [156.62655, -70.85438, -155.52626],
						"1.125": [172.45704, 7.61058, -178.74033],
						"1.25": [178.42212, 0.99482, -173.09175]
					},
					"position": {
						"0.0": [0, 0, 0],
						"0.5": [0, 4, 1]
					},
					"scale": {
						"0.0": [1, 1, 1],
						"1.3333": [1.2, 1.2, 1]
					}
				},
				"brazomisilRA": {
					"rotation": {
						"0.0": [0, 0, 0],
						"0.5": [0, 0, -22.5],
						"0.75": [-12.2127, -2.68507, -34.7127]
					},
					"position": {
						"0.0": [0, 0, 0],
						"0.75": [0.4, -0.8, 0]
					},
					"scale": {
						"0.0": [1, 1, 1],
						"0.75": [1, 1.3, 1]
					}
				},
				"lanzamisilesL2": {
					"rotation": {
						"0.0": [0, 0, 0],
						"0.5": [0, 0, 7.5],
						"0.6667": [0, 57.5, 7.5],
						"0.75": [0, 87.5, 7.5],
						"0.8333": [7.5, 87.5, 7.5],
						"0.9167": [163.4366, 61.49539, 165.68611],
						"1.125": [172.17348, 2.4786, 179.99294],
						"1.25": [179.19448, 1.118, 172.57598]
					},
					"position": {
						"0.0": [0, 0, 0],
						"0.5": [0, 4, 1]
					},
					"scale": {
						"0.0": [1, 1, 1],
						"1.3333": [1.2, 1.2, 1]
					}
				},
				"BrazomisilLA": {
					"rotation": {
						"0.0": [0, 0, 0],
						"0.5": [0, 0, 22.5],
						"0.75": [-12.2127, 2.68507, 34.7127]
					},
					"position": {
						"0.0": [0, 0, 0],
						"0.5": [0, 1, 0]
					},
					"scale": {
						"0.0": [1, 1, 1],
						"0.75": [1, 1.3, 1]
					}
				}
			}
		},
		"uppermisilefold": {
			"loop": "hold_on_last_frame",
			"animation_length": 1.4167,
			"bones": {
				"lanzamisilesR2": {
					"rotation": {
						"0.0833": [178.42212, 0.99482, -173.09175],
						"0.2083": [172.45704, 7.61058, -178.74033],
						"0.4167": [156.62655, -70.85438, -155.52626],
						"0.5": [7.5, -87.5, -7.5],
						"0.5833": [0, -87.5, -7.5],
						"0.6667": [0, -57.5, -7.5],
						"0.8333": [0, 0, -7.5],
						"1.3333": [0, 0, 0]
					},
					"position": {
						"0.8333": [0, 4, 1],
						"1.3333": [0, 0, 0]
					},
					"scale": {
						"0.0": [1.2, 1.2, 1],
						"1.3333": [1, 1, 1]
					}
				},
				"brazomisilRA": {
					"rotation": {
						"0.5833": [-12.2127, -2.68507, -34.7127],
						"0.8333": [0, 0, -22.5],
						"1.3333": [0, 0, 0]
					},
					"position": {
						"0.5833": [0.4, -0.8, 0],
						"1.3333": [0, 0, 0]
					},
					"scale": {
						"0.5833": [1, 1.3, 1],
						"1.3333": [1, 1, 1]
					}
				},
				"lanzamisilesL2": {
					"rotation": {
						"0.0833": [179.19448, 1.118, 172.57598],
						"0.2083": [172.17348, 2.4786, 179.99294],
						"0.4167": [163.4366, 61.49539, 165.68611],
						"0.5": [7.5, 87.5, 7.5],
						"0.5833": [0, 87.5, 7.5],
						"0.6667": [0, 57.5, 7.5],
						"0.8333": [0, 0, 7.5],
						"1.3333": [0, 0, 0]
					},
					"position": {
						"0.8333": [0, 4, 1],
						"1.3333": [0, 0, 0]
					},
					"scale": {
						"0.0": [1.2, 1.2, 1],
						"1.3333": [1, 1, 1]
					}
				},
				"BrazomisilLA": {
					"rotation": {
						"0.5833": [-12.2127, 2.68507, 34.7127],
						"0.8333": [0, 0, 22.5],
						"1.3333": [0, 0, 0]
					},
					"position": {
						"0.8333": [0, 1, 0],
						"1.3333": [0, 0, 0]
					},
					"scale": {
						"0.5833": [1, 1.3, 1],
						"1.3333": [1, 1, 1]
					}
				}
			}
		},
		"lowerrepulsorsdeploy": {
			"loop": "hold_on_last_frame",
			"animation_length": 1.125,
			"bones": {
				"lowermisilL": {
					"rotation": {
						"0.0": [0, 0, 0],
						"0.7083": [27.5, 0, 0],
						"0.9167": [20.20848, 19.05681, -41.57337],
						"1.0833": [19.07659, 2.55994, -47.5417]
					},
					"position": {
						"0.0": [0, 0, 0],
						"0.4167": [0, -1, 0],
						"0.9167": [1, -2, 0]
					}
				},
				"brazomisilL": {
					"position": {
						"0.0": [0, 0, 0],
						"0.4167": [0, 1, 0],
						"0.7083": [0, 3, 0]
					}
				},
				"lowermisilR": {
					"rotation": {
						"0.0": [0, 0, 0],
						"0.7083": [27.5, 0, 0],
						"0.9167": [20.20848, -19.05681, 41.57337],
						"1.0833": [19.07659, -2.55994, 47.5417]
					},
					"position": {
						"0.0": [0, 0, 0],
						"0.4167": [0, -1, 0],
						"0.9167": [-1, -2, 0]
					}
				},
				"brazomisilR": {
					"position": {
						"0.0": [0, 0, 0],
						"0.4167": [0, 1, 0],
						"0.7083": [0, 3, 0]
					}
				}
			}
		},
		"lowerrepulsorsfold": {
			"loop": "hold_on_last_frame",
			"animation_length": 1.125,
			"bones": {
				"lowermisilL": {
					"rotation": {
						"0.0": [19.07659, 2.55994, -47.5417],
						"0.1667": [20.20848, 19.05681, -41.57337],
						"0.375": [27.5, 0, 0],
						"1.0833": [0, 0, 0]
					},
					"position": {
						"0.1667": [1, -2, 0],
						"0.6667": [0, -1, 0],
						"1.0833": [0, 0, 0]
					}
				},
				"brazomisilL": {
					"position": {
						"0.375": [0, 3, 0],
						"0.6667": [0, 1, 0],
						"1.0833": [0, 0, 0]
					}
				},
				"lowermisilR": {
					"rotation": {
						"0.0": [19.07659, -2.55994, 47.5417],
						"0.1667": [20.20848, -19.05681, 41.57337],
						"0.375": [27.5, 0, 0],
						"1.0833": [0, 0, 0]
					},
					"position": {
						"0.1667": [-1, -2, 0],
						"0.6667": [0, -1, 0],
						"1.0833": [0, 0, 0]
					}
				},
				"brazomisilR": {
					"position": {
						"0.375": [0, 3, 0],
						"0.6667": [0, 1, 0],
						"1.0833": [0, 0, 0]
					}
				}
			}
		},
		"shoulderrocketsdeploy": {
			"loop": "hold_on_last_frame",
			"animation_length": 0.5,
			"bones": {
				"ArmorrightshoulderpadM": {
					"position": {
						"0.0": [0, 0, 0],
						"0.5": [0, 0, -2]
					}
				},
				"armorleftshoulderpadM": {
					"position": {
						"0.0": [0, 0, 0],
						"0.5": [0, 0, -2]
					}
				}
			}
		},
		"shoulderrocketsfold": {
			"loop": "hold_on_last_frame",
			"animation_length": 0.5,
			"bones": {
				"ArmorrightshoulderpadM": {
					"position": {
						"0.0": [0, 0, -2],
						"0.5": [0, 0, 0]
					}
				},
				"armorleftshoulderpadM": {
					"position": {
						"0.0": [0, 0, -2],
						"0.5": [0, 0, 0]
					}
				}
			}
		},
		"turretfold": {
			"loop": "hold_on_last_frame",
			"animation_length": 1.5,
			"bones": {
				"Turret": {
					"rotation": {
						"0.0": [89.04376, -2.25646, -14.83316],
						"0.25": [81.54376, -2.25646, -14.83316],
						"0.5": [50, 0, 0],
						"0.7083": [30, 0, 0],
						"1.5": [0, 0, 0]
					},
					"position": {
						"0.0": [-1, 7.5, 10.75],
						"0.25": [-1, 7.5, 9.75],
						"0.5": [0, 5, 8],
						"0.7083": [0, 2, 6],
						"1.5": [0, 0, 0]
					},
					"scale": {
						"0.0833": [1.3, 1, 1.1],
						"1.5": [1, 1, 1]
					}
				},
				"brazo2T": {
					"rotation": {
						"0.8333": [92.5, 0, 0],
						"1.0417": [52.5, 0, 0]
					},
					"position": [0, 0, 0],
					"scale": 1
				},
				"brazo1T": {
					"rotation": {
						"0.0": [74.09, 0, 0],
						"0.25": [79.09, 0, 0],
						"0.7917": [92.5, 0, 0],
						"1.0417": [52.5, 0, 0]
					},
					"position": {
						"0.7917": [0, -0.1, -2],
						"1.5": [0, 0, 0]
					},
					"scale": {
						"0.0833": [1, 2.5, 1],
						"0.7917": [1, 1.8, 1],
						"1.5": [1, 1, 1]
					}
				}
			}
		},
		"turretdeploy": {
			"loop": "hold_on_last_frame",
			"animation_length": 1.5,
			"bones": {
				"Turret": {
					"rotation": {
						"0.0": [0, 0, 0],
						"0.7917": [30, 0, 0],
						"1.0": [50, 0, 0],
						"1.25": [81.54376, -2.25646, -14.83316],
						"1.5": [89.04376, -2.25646, -14.83316]
					},
					"position": {
						"0.0": [0, 0, 0],
						"0.7917": [0, 2, 6],
						"1.0": [0, 5, 8],
						"1.25": [-1, 7.5, 9.75],
						"1.5": [-1, 7.5, 10.75]
					},
					"scale": {
						"0.0": [1, 1, 1],
						"1.4167": [1.3, 1, 1.1]
					}
				},
				"brazo2T": {
					"rotation": {
						"0.4583": [52.5, 0, 0],
						"0.6667": [92.5, 0, 0]
					},
					"position": [0, 0, 0],
					"scale": 1
				},