{
	"format_version": "1.8.0",
	"animations": {
		"flames flaps": {
			"loop": "hold_on_last_frame",
			"animation_length": 0.75,
			"bones": {
				"leftupflap": {
					"rotation": {
						"0.0": [0, 0, 0],
						"0.4583": [22.71362, 6.49053, 3.76613],
						"0.75": [20.21362, 6.49053, 3.76613]
					}
				},
				"rightupflap": {
					"rotation": {
						"0.0": [0, 0, 0],
						"0.4583": [25.21362, -6.49053, -3.76613],
						"0.75": [20.21362, -6.49053, -3.76613]
					}
				},
				"lowrightflap": {
					"rotation": {
						"0.0": [0, 0, 0],
						"0.4583": [22.5, -22.5, 0]
					}
				},
				"lowleftflap": {
					"rotation": {
						"0.0": [0, 0, 0],
						"0.4583": [27.5, 15, 0]
					}
				}
			}
		}
	}
}