{
	"format_version": "1.8.0",
	"animations": {
		"shoulderrocketsdeploy": {
			"loop": "hold_on_last_frame",
			"animation_length": 0.5,
			"bones": {
				"ArmorrightshoulderpadM": {
					"position": {
						"0.0": [0, 0, 0],
						"0.5": [0, 0, -2]
					}
				},
				"armorleftshoulderpadM": {
					"position": {
						"0.0": [0, 0, 0],
						"0.5": [0, 0, -2]
					}
				}
			}
		},
		"shoulderrocketsfold": {
			"loop": "hold_on_last_frame",
			"animation_length": 0.5,
			"bones": {
				"ArmorrightshoulderpadM": {
					"position": {
						"0.0": [0, 0, -2],
						"0.5": [0, 0, 0]
					}
				},
				"armorleftshoulderpadM": {
					"position": {
						"0.0": [0, 0, -2],
						"0.5": [0, 0, 0]
					}
				}
			}
		},
		"turretdeploymk6": {
			"loop": "hold_on_last_frame",
			"animation_length": 1,
			"bones": {
				"Torretamk6": {
					"rotation": {
						"0.0": [0, 0, 0],
						"0.5": [63.88998, -9.4357, -32.61835],
						"0.875": [100.70908, -7.29968, -45.0683]
					},
					"position": {
						"0.0": [0, 0, 0],
						"0.5": [0, 2, 0],
						"0.6667": [0, 3, 0]
					}
				},
				"Turretmk6": {
					"rotation": {
						"0.0": [0, 0, 0],
						"0.5": [-22.5, 0, 0],
						"0.875": [-19.32794, 38.62085, -19.32397],
						"1.0": [-15.84493, 44.12126, -18.00341]
					},
					"position": {
						"0.0": [0, 1, 0],
						"0.5": [0, -1, 1],
						"0.875": [0, -1, 3]
					},
					"scale": [0.6, 0.8, 0.7]
				},
				"BRAZO2": {
					"rotation": {
						"0.0": [0, 0, 0],
						"0.875": [20, 0, 0]
					},
					"position": {
						"0.0": [0, 0, 0],
						"0.5833": [0, -1, 1],
						"0.875": [0, -2, 2]
					}
				}
			}
		},
		"turretfoldmk6": {
			"loop": "hold_on_last_frame",
			"animation_length": 1,
			"bones": {
				"Torretamk6": {
					"rotation": {
						"0.125": [100.70908, -7.29968, -45.0683],
						"0.5": [63.88998, -9.4357, -32.61835],
						"1.0": [0, 0, 0]
					},
					"position": {
						"0.3333": [0, 3, 0],
						"0.5": [0, 2, 0],
						"1.0": [0, 0, 0]
					}
				},
				"Turretmk6": {
					"rotation": {
						"0.0": [-15.84493, 44.12126, -18.00341],
						"0.125": [-19.32794, 38.62085, -19.32397],
						"0.5": [-22.5, 0, 0],
						"1.0": [0, 0, 0]
					},
					"position": {
						"0.125": [0, -1, 3],
						"0.5": [0, -1, 1],
						"1.0": [0, 1, 0]
					},
					"scale": [0.6, 0.8, 0.7]
				},
				"BRAZO2": {
					"rotation": {
						"0.125": [20, 0, 0],
						"1.0": [0, 0, 0]
					},
					"position": {
						"0.125": [0, -2, 2],
						"0.4167": [0, -1, 1],
						"1.0": [0, 0, 0]
					}
				}
			}
		}
	}
}