{
	"format_version": "1.8.0",
	"animations": {
		"round shield.new": {
			"loop": "hold_on_last_frame",
			"animation_length": 1.25,
			"bones": {
				"armorLeftArm": {
					"rotation": {
						"0.0": [0, 0, 0],
						"0.25": [-39.32466, 7.9972, 9.63846],
						"0.5": [-49.50269, 21.63471, 28.20867]
					}
				},
				"roundshield": {
					"rotation": {
						"0.0": [0, 0, 0],
						"0.25": [-37.78381, 14.24, 17.60455],
						"0.5": [-5.02634, 45.27428, 41.36612]
					},
					"position": {
						"0.0": [0, 0, 0],
						"0.25": [0, -2, 0],
						"0.5": [1, -1, -3]
					},
					"scale": {
						"0.0": [1, 0, 0],
						"0.5": [1, 1, 1]
					}
				}
			}
		}
	}
}