{
	"format_version": "1.8.0",
	"animations": {
		"turretfold": {
			"loop": "hold_on_last_frame",
			"animation_length": 1.2083,
			"bones": {
				"Turret2": {
					"rotation": {
						"0.0417": {
							"vector": [0, 0, 0]
						},
						"1.2083": {
							"vector": [0, 0, 63]
						}
					},
					"position": {
						"0.0417": {
							"vector": [0, 0, 0]
						},
						"0.7917": {
							"vector": [2.4, -2, 0]
						},
						"1.2083": {
							"vector": [2.4, -3, 0]
						}
					}
				},
				"turretweapon": {
					"rotation": {
						"0.0417": {
							"vector": [0, 0, 0]
						},
						"0.4583": {
							"vector": [-81.89235, 2.93865, -19.78741]
						},
						"0.7917": {
							"vector": [-90.33728, -0.09831, -25.02427]
						},
						"1.2083": {
							"vector": [-90.20774, -0.28332, -62.52405]
						}
					},
					"position": {
						"0.0417": {
							"vector": [0, 0, 0]
						},
						"1.2083": {
							"vector": [1.3, -1.9, 0]
						}
					}
				},
				"turretarmm": {
					"rotation": {
						"0.0417": {
							"vector": [0, 0, 0]
						},
						"1.2083": {
							"vector": [0, 0, -57.5]
						}
					},
					"position": {
						"0.0417": {
							"vector": [0, 0, 0]
						},
						"1.2083": {
							"vector": [1.8, -1.4, 0]
						}
					}
				}
			}
		},
		"turretdeploy": {
			"loop": "hold_on_last_frame",
			"animation_length": 1.2083,
			"bones": {
				"Turret2": {
					"rotation": {
						"0.0417": {
							"vector": [0, 0, 63]
						},
						"1.2083": {
							"vector": [0, 0, 0]
						}
					},
					"position": {
						"0.0417": {
							"vector": [2.4, -3, 0]
						},
						"0.4583": {
							"vector": [2.4, -2, 0]
						},
						"1.2083": {
							"vector": [0, 0, 0]
						}
					}
				},
				"turretweapon": {
					"rotation": {
						"0.0417": {
							"vector": [-90.20774, -0.28332, -62.52405]
						},
						"0.4583": {
							"vector": [-90.33728, -0.09831, -25.02427]
						},
						"0.7917": {
							"vector": [-81.89235, 2.93865, -19.78741]
						},
						"1.2083": {
							"vector": [0, 0, 0]
						}
					},
					"position": {
						"0.0417": {
							"vector": [1.3, -1.9, 0]
						},
						"1.2083": {
							"vector": [0, 0, 0]
						}
					}
				},
				"turretarmm": {
					"rotation": {
						"0.0417": {
							"vector": [0, 0, -57.5]
						},
						"1.2083": {
							"vector": [0, 0, 0]
						}
					},
					"position": {
						"0.0417": {
							"vector": [1.8, -1.4, 0]
						},
						"1.2083": {
							"vector": [0, 0, 0]
						}
					}
				}
			}
		}
	},
	"geckolib_format_version": 2
}