{
	"format_version": "1.8.0",
	"animations": {
		"start_on": {
			"loop": "hold_on_last_frame",
			"animation_length": 1.25,
			"bones": {
				"Turret2": {
					"rotation": {
						"0.0": [0, 0, 0],
						"0.75": [0, 0, -40]
					}
				},
				"turretarmm": {
					"position": {
						"0.0": [0, 0, 0],
						"0.5": [-2, 1.1, 0],
						"0.75": [-2.7, 1.8, 0]
					},
					"scale": {
						"0.0": [1, 1, 1],
						"0.75": [1, 2.1, 1]
					}
				},
				"turretweapon": {
					"rotation": {
						"0.0": [0, 0, 0],
						"0.25": [0, 0, 13.33333],
						"0.3333": [7.5, 0, 17.77778],
						"0.4167": [14, 0, 22.22222],
						"0.5417": [17.5, 0, 28.88889],
						"0.625": [16.5, 0, 33.33333],
						"0.8333": [90, 0, 40]
					},
					"position": {
						"0.0": [0, 0, 0],
						"0.5": [-5.2, 3, 0],
						"0.8333": [-6.1, 3.1, 0]
					},
					"scale": {
						"0.0": [1, 1, 1],
						"1.0833": [1, 1, 1.2]
					}
				}
			}
		},
		"end": {
			"loop": "hold_on_last_frame",
			"animation_length": 1.25,
			"bones": {
				"Turret2": {
					"rotation": {
						"0.3333": [0, 0, -40],
						"1.0833": [0, 0, 0]
					}
				},
				"turretarmm": {
					"position": {
						"0.3333": [-2.7, 1.8, 0],
						"0.5833": [-2, 1.1, 0],
						"1.0833": [0, 0, 0]
					},
					"scale": {
						"0.3333": [1, 2.1, 1],
						"1.0833": [1, 1, 1]
					}
				},
				"turretweapon": {
					"rotation": {
						"0.25": [90, 0, 40],
						"0.4583": [16.5, 0, 33.33333],
						"0.5417": [17.5, 0, 28.88889],
						"0.6667": [14, 0, 22.22222],
						"0.75": [7.5, 0, 17.77778],
						"0.8333": [0, 0, 13.33333],
						"1.0833": [0, 0, 0]
					},
					"position": {
						"0.25": [-6.1, 3.1, 0],
						"0.5833": [-5.2, 3, 0],
						"1.0833": [0, 0, 0]
					},
					"scale": {
						"0.0": [1, 1, 1.2],
						"1.0833": [1, 1, 1]
					}
				}
			}
		}
	}
}