{
	"format_version": "1.8.0",
	"animations": {
		"bladess": {
			"loop": "hold_on_last_frame",
			"animation_length": 2.125,
			"bones": {
				"body": {
					"rotation": {
						"0.0": [0, 0, 0],
						"0.1667": [7.5, 22.5, 0],
						"0.2917": [17.5, 22.5, 0],
						"0.4167": [42.5, 22.5, 0],
						"0.9583": [100.6426, -22.04856, -166.98283],
						"1.1667": [94.71286, 23.9341, -308.90423],
						"1.25": [77.42237, 21.04155, -352.24863],
						"1.375": [74.4083, -14.81052, -467.18135],
						"1.5": [102.32826, -7.68769, -547.04193],
						"1.6667": [87.39488, 4.25778, -668.38895],
						"1.7917": [87.05793, 21.94808, -669.3218],
						"1.9167": [87.02913, 27.21405, -669.56007]
					},
					"position": {
						"0.0": [0, 0, 0],
						"0.4167": [0, -2, -3],
						"0.8333": [0, -2, -14],
						"0.9583": [0, -2, -21],
						"1.5417": [0.7, -10.61, -21],
						"1.7917": [1, -10, -21],
						"1.9167": [0, -10.4, -21]
					}
				},
				"right_arm": {
					"rotation": {
						"0.0": [0, 0, 0],
						"0.1667": [14.81608, -14.90835, 20.30179],
						"0.2917": [31.8676, -5.22927, 22.85748],
						"0.625": [39.72771, 9.63637, 32.12429],
						"0.8333": [50.53809, 20.51144, 61.16027],
						"0.9167": [1.14197, 16.12436, 81.81653],
						"1.25": [-1.00088, 16.12436, 81.81653],
						"1.7917": [-96.35803, 16.12436, 81.81653],
						"1.9167": [-31.35803, 16.12436, 81.81653],
						"2.0": [-17.81722, 8.39052, 52.11304],
						"2.0417": [-18.45264, 6.83332, 47.31929]
					}
				},
				"left_arm": {
					"rotation": {
						"0.0": [0, 0, 0],
						"0.1667": [-55.85133, 20.70481, 9.00717],
						"0.2917": [-77.26323, 37.47083, -33.07996],
						"0.8333": [-128.2842, 12.11605, -84.76742],
						"0.9167": [-10.7057, -9.99926, -80.59785],
						"1.25": [12.43022, -14.34713, -68.78517],
						"1.6667": [-38.23111, -52.4468, -39.77442],
						"1.9167": [-66.29197, -30.88251, -3.84772]
					}
				},
				"right_leg": {
					"rotation": {
						"0.0": [0, 0, 0],
						"0.25": [-7.23328, 7.75745, 1.51666],
						"0.375": [2.8204, 10.23437, 1.85986],
						"0.5": [-24.6796, 10.23437, 1.85986],
						"0.8333": [15.3204, 10.23437, 1.85986],
						"1.2083": [-23.45924, 4.40898, 1.98332],
						"1.25": [7.68134, 8.02127, -2.84713],
						"1.5417": [-3.58795, 0.7875, -3.15057],
						"1.8333": [-79.85724, -6.44627, -3.45402]
					}
				},
				"left_leg": {
					"rotation": {
						"0.0": [0, 0, 0],
						"0.1667": [-10.08453, -7.38542, 1.30962],
						"0.2917": [-20.08453, -7.38542, 1.30962],
						"0.4167": [-35.08453, -7.38542, 1.30962],
						"0.8333": [-0.08453, -7.38542, 1.30962],
						"1.0417": [-0.8863, -7.44017, -0.20241],
						"1.2083": [17.12696, -4.61732, -11.04718],
						"1.25": [12.17244, -16.7852, -11.42643],
						"1.9167": [-9.09339, -7.6592, -6.25054],
						"2.125": [-0.54356, -18.77634, -13.64849]
					}
				},
				"head": {
					"rotation": {
						"0.0": [0, 0, 0],
						"0.1667": [0, -20, 0],
						"0.625": [-5, -20, 0],
						"0.9583": [-7.5, -20, 0],
						"1.7917": [-7.94332, -27.43224, 1.09989],
						"1.9167": [-90.53727, -52.13899, 25.14989],
						"2.0417": [-80.53727, -52.13899, 25.14989]
					}
				}
			}
		},
		"bladess30": {
			"loop": "hold_on_last_frame",
			"animation_length": 2.125,
			"bones": {
				"body": {
					"rotation": {
						"0.0": [0, 0, 0],
						"0.1667": [7.5, 22.5, 0],
						"0.2917": [17.5, 22.5, 0],
						"0.4167": [42.5, 22.5, 0],
						"0.9583": [100.6426, -22.04856, -166.98283],
						"1.1667": [94.71286, 23.9341, -308.90423],
						"1.25": [77.42237, 21.04155, -352.24863],
						"1.375": [74.4083, -14.81052, -467.18135],
						"1.5": [102.32826, -7.68769, -547.04193],
						"1.6667": [87.39488, 4.25778, -668.38895],
						"1.7917": [87.05793, 21.94808, -669.3218],
						"1.9167": [87.02913, 27.21405, -669.56007],
						"2.0": [45.88513, 22.07678, -699.04077],
						"2.125": [0.45324, -0.36698, -720.06009]
					},
					"position": {
						"0.0": [0, 0, 0],
						"0.4167": [0, -2, -3],
						"0.8333": [0, -2, -14],
						"0.9583": [0, -2, -21],
						"1.5417": [0.7, -10.61, -21],
						"1.7917": [1, -10, -21],
						"1.9167": [0, -10.4, -21],
						"2.125": [0, 0.2, 0]
					}
				},
				"torso": {
					"rotation": {
						"0.0": [0, 0, 0],
						"2.125": [0, 0, 0]
					}
				},
				"right_arm": {
					"rotation": {
						"0.0": [0, 0, 0],
						"0.1667": [14.81608, -14.90835, 20.30179],
						"0.2917": [31.8676, -5.22927, 22.85748],
						"0.625": [39.72771, 9.63637, 32.12429],
						"0.8333": [50.53809, 20.51144, 61.16027],
						"0.9167": [1.14197, 16.12436, 81.81653],
						"1.25": [-1.00088, 16.12436, 81.81653],
						"1.7917": [-96.35803, 16.12436, 81.81653],
						"1.9167": [-31.35803, 16.12436, 81.81653],
						"2.0": [0, 0, 0],
						"2.0417": [0, 0, 0],
						"2.125": [0, 0, 0]
					}
				},
				"left_arm": {
					"rotation": {
						"0.0": [0, 0, 0],
						"0.1667": [-55.85133, 20.70481, 9.00717],
						"0.2917": [-77.26323, 37.47083, -33.07996],
						"0.8333": [-128.2842, 12.11605, -84.76742],
						"0.9167": [-10.7057, -9.99926, -80.59785],
						"1.25": [12.43022, -14.34713, -68.78517],
						"1.6667": [-38.23111, -52.4468, -39.77442],
						"1.9167": [-66.29197, -30.88251, -3.84772],
						"2.125": [0, 0, 0]
					}
				},
				"right_leg": {
					"rotation": {
						"0.0": [0, 0, 0],
						"0.25": [-7.23328, 7.75745, 1.51666],
						"0.375": [2.8204, 10.23437, 1.85986],
						"0.5": [-24.6796, 10.23437, 1.85986],
						"0.8333": [15.3204, 10.23437, 1.85986],
						"1.2083": [-23.45924, 4.40898, 1.98332],
						"1.25": [7.68134, 8.02127, -2.84713],
						"1.5417": [-3.58795, 0.7875, -3.15057],
						"1.8333": [-79.85724, -6.44627, -3.45402],
						"2.125": [0, 0, 0]
					}
				},
				"left_leg": {
					"rotation": {
						"0.0": [0, 0, 0],
						"0.1667": [-10.08453, -7.38542, 1.30962],
						"0.2917": [-20.08453, -7.38542, 1.30962],
						"0.4167": [-35.08453, -7.38542, 1.30962],
						"0.8333": [-0.08453, -7.38542, 1.30962],
						"1.0417": [-0.8863, -7.44017, -0.20241],
						"1.2083": [17.12696, -4.61732, -11.04718],
						"1.25": [12.17244, -16.7852, -11.42643],
						"1.9167": [-9.09339, -7.6592, -6.25054],
						"2.125": [0, 0, 0]
					}
				},
				"head": {
					"rotation": {
						"0.0": [0, 0, 0],
						"0.1667": [0, -20, 0],
						"0.625": [-5, -20, 0],
						"0.9583": [-7.5, -20, 0],
						"1.7917": [-7.94332, -27.43224, 1.09989],
						"1.9167": [-90.53727, -52.13899, 25.14989],
						"2.0": [-49.28535, -36.83108, 0.74265],
						"2.0417": [-80.53727, -52.13899, 25.14989],
						"2.125": [0, 0, 0]
					}
				}
			}
		}
	}
}