{
	"format_version": "1.8.0",
	"animations": {
		"mark_5": {
			"animation_length": 3,
			"bones": {
				"head": {
					"rotation": {
						"0.0": [0, 0, 0],
						"0.5417": [0, 0, 0],
						"0.75": [0, 0, 0],
						"0.7917": [2.45733, 0, 0],
						"0.8333": [7.35564, 0, 0],
						"0.875": [13.32668, 0, 0],
						"0.9167": [19.8758, 0, 0],
						"0.9583": [26.7416, 0, 0],
						"1.0417": [40.7584, 0, 0],
						"1.0833": [47.6242, 0, 0],
						"1.125": [54.17332, 0, 0],
						"1.1667": [60.14436, 0, 0],
						"1.2083": [65.04267, 0, 0],
						"1.25": [67.5, 0, 0],
						"1.5": [67.5, 0, 0],
						"1.5417": [63.45682, 0, 0],
						"1.5833": [51.40558, 0, 0],
						"1.6667": [16.09442, 0, 0],
						"1.7083": [4.04318, 0, 0],
						"1.75": [0, 0, 0]
					},
					"position": {
						"0.0": [0, 0, 0],
						"0.5417": [0, 0, 0],
						"0.75": [0, 0, 0],
						"0.7917": [0, -0.18202, -0.14562],
						"0.8333": [0, -0.54486, -0.43589],
						"0.875": [0, -0.98716, -0.78973],
						"0.9167": [0, -1.47228, -1.17783],
						"0.9583": [0, -1.98086, -1.58469],
						"1.0417": [0, -3.01914, -2.41531],
						"1.0833": [0, -3.52772, -2.82217],
						"1.125": [0, -4.01284, -3.21027],
						"1.1667": [0, -4.45514, -3.56411],
						"1.2083": [0, -4.81798, -3.85438],
						"1.25": [0, -5, -4],
						"1.5": [0, -5, -4],
						"1.5417": [0, -4.7005, -3.7604],
						"1.5833": [0, -3.80782, -3.04626],
						"1.6667": [0, -1.19218, -0.95374],
						"1.7083": [0, -0.2995, -0.2396],
						"1.75": [0, 0, 0]
					},
					"scale": {
						"0.0": [1, 1, 1],
						"0.75": [1, 1, 1],
						"1.75": [1, 1, 1]
					}
				},
				"body": {
					"rotation": {
						"0.0": [0, 0, 0],
						"0.5417": [0, 0, 0],
						"0.75": [0, 0, 0],
						"0.7917": [2.00227, 0, 0],
						"0.8333": [5.99349, 0, 0],
						"0.875": [10.85877, 0, 0],
						"0.9167": [16.1951, 0, 0],
						"0.9583": [21.78945, 0, 0],
						"1.0417": [33.21055, 0, 0],
						"1.0833": [38.8049, 0, 0],
						"1.125": [44.14123, 0, 0],
						"1.1667": [49.00651, 0, 0],
						"1.2083": [52.99773, 0, 0],
						"1.25": [55, 0, 0],
						"1.5": [55, 0, 0],
						"1.5417": [52.32127, 0, 0],
						"1.5833": [45.82691, 0, 0],
						"1.625": [37.16096, 0, 0],
						"1.7083": [17.83904, 0, 0],
						"1.75": [9.17309, 0, 0],
						"1.7917": [2.67873, 0, 0],
						"1.8333": [0, 0, 0]
					},
					"position": {
						"0.0": [0, 0, 0],
						"0.5417": [0, 0, 0],
						"0.75": [0, 0, 0],
						"0.7917": [0, -0.18202, -0.07281],
						"0.8333": [0, -0.54486, -0.21794],
						"0.875": [0, -0.98716, -0.39486],
						"0.9167": [0, -1.47228, -0.58891],
						"0.9583": [0, -1.98086, -0.79234],
						"1.0417": [0, -3.01914, -1.20766],
						"1.0833": [0, -3.52772, -1.41109],
						"1.125": [0, -4.01284, -1.60514],
						"1.1667": [0, -4.45514, -1.78206],
						"1.2083": [0, -4.81798, -1.92719],
						"1.25": [0, -5, -2],
						"1.5": [0, -5, -2],
						"1.5417": [0, -4.75648, -1.90259],
						"1.5833": [0, -4.16608, -1.66643],
						"1.625": [0, -3.37827, -1.35131],
						"1.7083": [0, -1.62173, -0.64869],
						"1.75": [0, -0.83392, -0.33357],
						"1.7917": [0, -0.24352, -0.09741],
						"1.8333": [0, 0, 0]
					},
					"scale": {
						"0.0": [1, 1, 1],
						"0.75": [1, 1, 1],
						"1.8333": [1, 1, 1]
					}
				},
				"right_arm": {
					"rotation": {
						"0.0": [0, 0, 0],
						"0.5417": [0, 0, 0],
						"0.6667": [0, 0, 0],
						"0.875": [0, 0, 0],
						"0.9167": [-2.99077, 2.96871, 1.3688],
						"1.0": [-33.88742, 33.63747, 15.50939],
						"1.0417": [-36.87819, 36.60618, 16.87819],
						"1.0833": [-34.35377, 32.73133, 15.72283],
						"1.125": [-25.2588, 18.771, 11.5603],
						"1.1667": [-11.61939, -2.16482, 5.31789],
						"1.2083": [-2.52441, -16.12515, 1.15536],
						"1.25": [0, -20, 0],
						"1.5": [0, -20, 0],
						"1.5417": [-4.19293, -18.80202, 0],
						"1.5833": [-16.69051, -15.23128, 0],
						"1.6667": [-53.30949, -4.76872, 0],
						"1.7083": [-65.80707, -1.19798, 0],
						"1.75": [-70, 0, 0],
						"1.7917": [-69.42975, -2.75786, -1.32832],
						"1.8333": [-67.73005, -10.97801, -5.28755],
						"1.9167": [-62.74979, -35.06378, -16.88844],
						"1.9583": [-61.0501, -43.28393, -20.84767],
						"2.0": [-60.47985, -46.04179, -22.17599],
						"2.25": [-60.47985, -46.04179, -22.17599],
						"2.2917": [-56.85716, -43.28393, -15.45676],
						"2.3333": [-46.05929, -35.06378, 4.57078],
						"2.4167": [-14.42056, -10.97801, 63.25322],
						"2.4583": [-3.62268, -2.75786, 83.28077],
						"2.5": [0, 0, 90],
						"2.75": [0, 0, 90],
						"2.7917": [0, 0, 84.60909],
						"2.8333": [0, 0, 68.54077],
						"2.9167": [0, 0, 21.45923],
						"2.9583": [0, 0, 5.39091],
						"3.0": [0, 0, 0]
					},
					"position": {
						"0.0": [0, 0, 0],
						"0.5417": [0, 0, 0],
						"0.6667": [0, 0, 0],
						"0.7083": [0, -0.13691, 0],
						"0.75": [0, -0.63015, 0],
						"0.7917": [0, -1.36985, 0],
						"0.8333": [0, -1.86309, 0],
						"0.875": [0, -2, 0],
						"0.9167": [0, -1.96432, 0],
						"1.0": [0, -1.59568, 0],
						"1.0417": [0, -1.56, 0],
						"1.0833": [0, -2.06929, 0],
						"1.125": [0, -3.90416, 0],
						"1.1667": [0, -6.65584, 0],
						"1.2083": [0, -8.49071, 0],
						"1.25": [0, -9, 0],
						"1.5": [0, -9, 0],
						"1.5417": [0, -8.46091, -0.1797],
						"1.5833": [0, -6.85408, -0.71531],
						"1.6667": [0, -2.14592, -2.28469],
						"1.7083": [0, -0.53909, -2.8203],
						"1.75": [0, 0, -3],
						"1.7917": [-0.1198, 0, -2.7604],
						"1.8333": [-0.47687, 0, -2.04626],
						"1.9167": [-1.52313, 0, 0.04626],
						"1.9583": [-1.8802, 0, 0.7604],
						"2.0": [-2, 0, 1],
						"2.0417": [-2, 0, 0.9401],
						"2.0833": [-2, 0, 0.76156],
						"2.1667": [-2, 0, 0.23844],
						"2.2083": [-2, 0, 0.0599],
						"2.25": [-2, 0, 0],
						"2.2917": [-1.8203, 0.0599, 0],
						"2.3333": [-1.28469, 0.23844, 0],
						"2.4167": [0.28469, 0.76156, 0],
						"2.4583": [0.8203, 0.9401, 0],
						"2.5": [1, 1, 0],
						"2.75": [1, 1, 0],
						"2.7917": [0.9401, 0.9401, 0],
						"2.8333": [0.76156, 0.76156, 0],
						"2.9167": [0.23844, 0.23844, 0],
						"2.9583": [0.0599, 0.0599, 0],
						"3.0": [0, 0, 0]
					},
					"scale": {
						"0.0": [1, 1, 1],
						"0.6667": [1, 1, 1],
						"0.875": [1, 1, 1],
						"1.75": [1, 1, 1],
						"2.5": [1, 1, 1],
						"2.75": [1, 1, 1],
						"3.0": [1, 1, 1]
					}
				},
				"left_arm": {
					"rotation": {
						"0.0": [0, 0, 0],
						"0.5417": [0, 0, 0],
						"0.6667": [0, 0, 0],
						"0.875": [0, 0, 0],
						"0.9167": [-2.99077, -2.96871, -1.3688],
						"1.0": [-33.88742, -33.63747, -15.50939],
						"1.0417": [-36.87819, -36.60618, -16.87819],
						"1.0833": [-34.35377, -32.73133, -15.72283],
						"1.125": [-25.2588, -18.771, -11.5603],
						"1.1667": [-11.61939, 2.16482, -5.31789],
						"1.2083": [-2.52441, 16.12515, -1.15536],
						"1.25": [0, 20, 0],
						"1.5": [0, 20, 0],
						"1.5417": [-4.19293, 18.80202, 0],
						"1.5833": [-16.69051, 15.23128, 0],
						"1.6667": [-53.30949, 4.76872, 0],
						"1.7083": [-65.80707, 1.19798, 0],
						"1.75": [-70, 0, 0],
						"1.7917": [-69.42975, 2.75786, 1.32832],
						"1.8333": [-67.73005, 10.97801, 5.28755],
						"1.9167": [-62.74979, 35.06378, 16.88844],
						"1.9583": [-61.0501, 43.28393, 20.84767],
						"2.0": [-60.47985, 46.04179, 22.17599],
						"2.25": [-60.47985, 46.04179, 22.17599],
						"2.2917": [-56.85716, 43.28393, 15.45676],
						"2.3333": [-46.05929, 35.06378, -4.57078],
						"2.4167": [-14.42056, 10.97801, -63.25322],
						"2.4583": [-3.62268, 2.75786, -83.28077],
						"2.5": [0, 0, -90],
						"2.75": [0, 0, -90],
						"2.7917": [0, 0, -84.60909],
						"2.8333": [0, 0, -68.54077],
						"2.9167": [0, 0, -21.45923],
						"2.9583": [0, 0, -5.39091],
						"3.0": [0, 0, 0]
					},
					"position": {
						"0.0": [0, 0, 0],
						"0.5417": [0, 0, 0],
						"0.6667": [0, 0, 0],
						"0.7083": [0, -0.13691, 0],
						"0.75": [0, -0.63015, 0],
						"0.7917": [0, -1.36985, 0],