{
	"format_version": "1.8.0",
	"animations": {
		"nanoactivation": {
			"animation_length": 1,
			"bones": {
				"right_arm": {
					"rotation": {
						"0.0": [0, 0, 0],
						"0.2917": [-90.50824, -43.89332, 17.62128],
						"0.4583": [-90.70892, -58.89251, 17.87589],
						"0.5417": [-90.50824, -43.89332, 17.62128],
						"0.625": [-90.70892, -58.89251, 17.87589],
						"0.7083": [-90.50824, -43.89332, 17.62128],
						"0.9583": [0, 0, 0]
					},
					"position": {
						"0.0": [0, 0, 0],
						"0.2917": [-1, 0, 0],
						"0.9583": [0, 0, 0]
					}
				}
			}
		}
	}
}