{
	"format_version": "1.8.0",
	"animations": {
		"rescueflaps": {
			"loop": true,
			"animation_length": 2.2083,
			"bones": {
				"leftupflap": {
					"rotation": {
						"0.0": [0, 0, 0],
						"0.5": [24.81197, 3.1622, -6.80423],
						"0.75": [27.17379, 23.44026, 3.27644],
						"0.9583": [24.8253, -3.64682, -9.95051],
						"1.2083": [24.65973, -4.69331, -7.67402],
						"1.5417": [24.20282, -6.76242, -3.09912],
						"1.75": [17.04112, -4.73401, -1.48606],
						"1.7917": [15.8143, -3.72123, -2.55684],
						"2.1667": [0, 0, 0]
					}
				},
				"rightupflap": {
					"rotation": {
						"0.0": [0, 0, 0],
						"0.5": [24.81197, -3.1622, 6.80423],
						"0.75": [25.38636, -12.22219, 2.52829],
						"0.9583": [25.38636, -12.22219, 2.52829],
						"1.2083": [25.54019, -5.47471, 5.77732],
						"1.5417": [25.88621, -3.30425, 1.25944],
						"1.7917": [15.94677, -5.64226, 10.96196],
						"2.1667": [0, 0, 0]
					}
				},
				"leftupflap2": {
					"rotation": {
						"0.0": [0, 0, 0],
						"0.5": [31.96604, 37.77082, -6.81282],
						"0.75": [24.46604, 37.77082, -6.81282],
						"0.9583": [20.98519, 23.91724, -13.5468],
						"1.2083": [19.23247, 20.07974, -17.93018],
						"1.4583": [22.99629, 15.55881, -5.68276],
						"1.5417": [24.71302, 20.02373, -3.61],
						"2.1667": [0, 0, 0]
					}
				},
				"rightupflap2": {
					"rotation": {
						"0.0": [0, 0, 0],
						"0.5": [31.96604, -37.77082, 6.81282],
						"0.75": [30.04105, -35.00866, 1.63349],
						"0.9583": [28.72408, -26.06814, 2.2983],
						"1.2083": [22.2629, -19.62819, 12.93521],
						"1.4583": [25.17692, -15.59565, 3.3307],
						"1.5417": [24.38108, -19.94359, 7.00498],
						"1.7917": [16.76139, -16.18819, 14.861],
						"2.1667": [0, 0, 0]
					}
				}
			}
		}
	}
}